notebook,cell,image,mime
v3_advanced,14,outputs/figures/step08_ml/08_step8_figures/v3_advanced_cell14_img01.png,image/png
v3_advanced,14,outputs/figures/step08_ml/08_step8_figures/v3_advanced_cell14_img02.png,image/png
v3_advanced,14,outputs/figures/step08_ml/08_step8_figures/v3_advanced_cell14_img03.png,image/png
v3_advanced,14,outputs/figures/step08_ml/08_step8_figures/v3_advanced_cell14_img04.png,image/png
v3_advanced,14,outputs/figures/step08_ml/08_step8_figures/v3_advanced_cell14_img05.png,image/png
v3_advanced,15,outputs/figures/step08_ml/08_step8_figures/v3_advanced_cell15_img06.png,image/png
v3_advanced,15,outputs/figures/step08_ml/08_step8_figures/v3_advanced_cell15_img07.png,image/png
v3_advanced,15,outputs/figures/step08_ml/08_step8_figures/v3_advanced_cell15_img08.png,image/png
v3_advanced,15,outputs/figures/step08_ml/08_step8_figures/v3_advanced_cell15_img09.png,image/png
v3_advanced,15,outputs/figures/step08_ml/08_step8_figures/v3_advanced_cell15_img10.png,image/png
raw_benchmark,11,outputs/figures/step08_ml/08_step8_figures/raw_benchmark_cell11_img01.png,image/png
raw_benchmark,13,outputs/figures/step08_ml/08_step8_figures/raw_benchmark_cell13_img02.png,image/png
raw_benchmark,15,outputs/figures/step08_ml/08_step8_figures/raw_benchmark_cell15_img03.png,image/png
raw_benchmark,15,outputs/figures/step08_ml/08_step8_figures/raw_benchmark_cell15_img04.png,image/png
raw_benchmark,15,outputs/figures/step08_ml/08_step8_figures/raw_benchmark_cell15_img05.png,image/png
raw_benchmark,15,outputs/figures/step08_ml/08_step8_figures/raw_benchmark_cell15_img06.png,image/png
raw_benchmark,15,outputs/figures/step08_ml/08_step8_figures/raw_benchmark_cell15_img07.png,image/png
raw_benchmark,15,outputs/figures/step08_ml/08_step8_figures/raw_benchmark_cell15_img08.png,image/png
raw_benchmark,15,outputs/figures/step08_ml/08_step8_figures/raw_benchmark_cell15_img09.png,image/png
