relative_path,size_mb,artifact_type,status
.gitattributes,0.0003,project_file,support
.github/workflows/repository-checks.yml,0.0005,project_file,support
.gitignore,0.0011,project_file,support
dashboard/dashboard.pbix,115.8878,dashboard,final
dashboard/dashboard.pdf,1.1699,dashboard,final
dashboard/README.md,0.0006,dashboard,final
dashboard/screenshots/dashboard_page_01.png,0.3408,dashboard,final
dashboard/screenshots/dashboard_page_02.png,0.3267,dashboard,final
dashboard/screenshots/dashboard_page_03.png,0.3734,dashboard,final
dashboard/screenshots/dashboard_page_04.png,0.4122,dashboard,final
dashboard/screenshots/dashboard_page_05.png,0.3989,dashboard,final
dashboard/screenshots/dashboard_page_06.png,0.4147,dashboard,final
data/processed/final_customer_analysis_table.csv.gz,132.7322,processed_data,final
data/processed/final_customer_analysis_test.csv.gz,18.9545,processed_data,final
data/processed/final_customer_analysis_train.csv.gz,113.7807,processed_data,final
data/raw/README.md,0.0004,project_file,support
data/splits/calibration_ids.csv,0.4692,model_split_ids,final
data/splits/final_validation_ids.csv,0.5866,model_split_ids,final
data/splits/fit_train_ids.csv,1.8769,model_split_ids,final
docs/CHAMPION_RUN_ENVIRONMENT.md,0.0027,documentation,final
docs/FILE_SUMMARY_BY_EXTENSION.csv,0.0003,documentation,final
docs/MANIFEST_SQL.csv,0.0012,documentation,final
docs/METRICS_SOURCE_OF_TRUTH.csv,0.0071,documentation,final
docs/METRICS_SOURCE_OF_TRUTH.md,0.002,documentation,final
docs/PORTFOLIO_CASE_STUDY.md,0.004,documentation,final
docs/PORTFOLIO_PROJECT_SUMMARY.md,0.001,documentation,final
docs/README_SQL_PIPELINE.md,0.0018,documentation,final
docs/REPRODUCIBILITY_AUDIT.md,0.0032,documentation,final
docs/SQL_TO_PYTHON_MAPPING.md,0.0014,documentation,final
GITHUB_UPLOAD_INSTRUCTIONS.md,0.0009,project_file,support
LICENSE,0.001,project_file,support
models/champion_model_card.json,0.0029,documentation,final
models/diagnostic_logit_model_card.json,0.0016,documentation,final
models/model_artifact_manifest.csv,0.0021,documentation,final
models/README.md,0.0012,documentation,final
notebooks/archive/step08_machine_learning_governance_old.ipynb,0.0485,legacy_reference,archive
notebooks/step08_champion_v3.ipynb,0.003,project_file,support
outputs/figures/step02_data_understanding/02_step2_figures/01_top_correlation_with_target.png,0.1262,step_output,evidence
outputs/figures/step02_data_understanding/02_step2_figures/02_correlation_matrix_top_drivers.png,0.258,step_output,evidence
outputs/figures/step02_data_understanding/02_step2_figures/03_default_rate_by_top_categories.png,0.2511,step_output,evidence
outputs/figures/step03_cleaning/03_step3_figures/01_null_values_in_key_columns.png,0.0648,step_output,evidence
outputs/figures/step03_cleaning/03_step3_figures/02_max_missing_rate_by_table.png,0.0658,step_output,evidence
outputs/figures/step03_cleaning/03_step3_figures/03_top30_missing_columns_overall.png,0.119,step_output,evidence
outputs/figures/step03_cleaning/03_step3_figures/04_missingness_vs_target_default_rate_diff.png,0.1095,step_output,evidence
outputs/figures/step03_cleaning/03_step3_figures/05_application_special_values.png,0.0576,step_output,evidence
outputs/figures/step03_cleaning/03_step3_figures/06_positive_time_like_values.png,0.0804,step_output,evidence
outputs/figures/step03_cleaning/03_step3_figures/07_top_plausibility_checks.png,0.1462,step_output,evidence
outputs/figures/step03_cleaning/03_step3_figures/08_application_outlier_visual_check.png,0.1275,step_output,evidence
outputs/figures/step03_cleaning/03_step3_figures/09_train_test_drift_psi.png,0.1161,step_output,evidence
outputs/figures/step04_descriptive/charts_step4/01_feature_count.png,0.0458,step_output,evidence
outputs/figures/step04_descriptive/charts_step4/02_engineered_power.png,0.0537,step_output,evidence
outputs/figures/step04_descriptive/charts_step4/03_history_flags.png,0.0488,step_output,evidence
outputs/figures/step04_descriptive/charts_step4/04_composite_signal.png,0.053,step_output,evidence
outputs/figures/step04_descriptive/slides_step4/aggregation_compression.png,0.0836,step_output,evidence
outputs/figures/step04_descriptive/slides_step4/Slide1.PNG,0.0327,step_output,evidence
outputs/figures/step04_descriptive/slides_step4/Slide2.PNG,0.0444,step_output,evidence
outputs/figures/step04_descriptive/slides_step4/Slide3.PNG,0.0608,step_output,evidence
outputs/figures/step04_descriptive/slides_step4/Slide4.PNG,0.0584,step_output,evidence
outputs/figures/step04_descriptive/slides_step4/Slide5.PNG,0.0705,step_output,evidence
outputs/figures/step04_descriptive/slides_step4/Slide6.PNG,0.0449,step_output,evidence
outputs/figures/step04_descriptive/slides_step4/Slide7.PNG,0.0368,step_output,evidence
outputs/figures/step04_descriptive/step3_5_descriptive_doc/correlation_heatmap.png,0.2332,step_output,evidence
outputs/figures/step04_descriptive/step3_5_descriptive_doc/feature_group_count.png,0.072,step_output,evidence
outputs/figures/step04_descriptive/step3_5_descriptive_doc/feature_group_missing.png,0.0821,step_output,evidence
outputs/figures/step04_descriptive/step3_5_descriptive_doc/financial_mean_median.png,0.0707,step_output,evidence
outputs/figures/step04_descriptive/step3_5_descriptive_doc/history_coverage.png,0.0567,step_output,evidence
outputs/figures/step04_descriptive/step3_5_descriptive_doc/page_01.png,0.1462,step_output,evidence
outputs/figures/step04_descriptive/step3_5_descriptive_doc/page_02.png,0.1746,step_output,evidence
outputs/figures/step04_descriptive/step3_5_descriptive_doc/page_06.png,0.0802,step_output,evidence
outputs/figures/step04_descriptive/step3_5_descriptive_doc/page_11.png,0.1166,step_output,evidence
outputs/figures/step04_descriptive/step3_5_descriptive_doc/page_17.png,0.0387,step_output,evidence
outputs/figures/step04_descriptive/step3_5_descriptive_doc/target_relative_difference.png,0.0893,step_output,evidence
outputs/figures/step04_descriptive/step3_5_descriptive_doc/top_high_correlation_pairs.png,0.1938,step_output,evidence
outputs/figures/step04_descriptive/step3_5_descriptive_pptx/correlation_heatmap.png,0.2355,step_output,evidence
outputs/figures/step04_descriptive/step3_5_descriptive_pptx/feature_group_count.png,0.0927,step_output,evidence
outputs/figures/step04_descriptive/step3_5_descriptive_pptx/feature_group_missing.png,0.1093,step_output,evidence
outputs/figures/step04_descriptive/step3_5_descriptive_pptx/financial_mean_median.png,0.0693,step_output,evidence
outputs/figures/step04_descriptive/step3_5_descriptive_pptx/history_coverage.png,0.0747,step_output,evidence
outputs/figures/step04_descriptive/step3_5_descriptive_pptx/Slide1.PNG,0.0323,step_output,evidence
outputs/figures/step04_descriptive/step3_5_descriptive_pptx/Slide10.PNG,0.0373,step_output,evidence
outputs/figures/step04_descriptive/step3_5_descriptive_pptx/Slide2.PNG,0.0331,step_output,evidence
outputs/figures/step04_descriptive/step3_5_descriptive_pptx/Slide3.PNG,0.0381,step_output,evidence
outputs/figures/step04_descriptive/step3_5_descriptive_pptx/Slide4.PNG,0.0594,step_output,evidence
outputs/figures/step04_descriptive/step3_5_descriptive_pptx/Slide5.PNG,0.0647,step_output,evidence
outputs/figures/step04_descriptive/step3_5_descriptive_pptx/Slide6.PNG,0.0488,step_output,evidence
outputs/figures/step04_descriptive/step3_5_descriptive_pptx/Slide7.PNG,0.0762,step_output,evidence
outputs/figures/step04_descriptive/step3_5_descriptive_pptx/Slide8.PNG,0.1204,step_output,evidence
outputs/figures/step04_descriptive/step3_5_descriptive_pptx/Slide9.PNG,0.0354,step_output,evidence
outputs/figures/step04_descriptive/step3_5_descriptive_pptx/target_relative_difference.png,0.116,step_output,evidence
outputs/figures/step04_descriptive/step3_5_descriptive_pptx/top_high_correlation_pairs.png,0.1638,step_output,evidence
outputs/figures/step04_descriptive/step4_descriptive_analytics_revised/step4_default_rate_by_quantile.png,0.1214,step_output,evidence
outputs/figures/step04_descriptive/step4_descriptive_analytics_revised/step4_distribution_split_by_target.png,0.1218,step_output,evidence
outputs/figures/step04_descriptive/step4_descriptive_analytics_revised/step4_selected_correlation_matrix.png,0.2277,step_output,evidence
outputs/figures/step04_descriptive/step4_descriptive_analytics_revised_v2/step4_default_rate_by_quantile.png,0.1214,step_output,evidence
outputs/figures/step04_descriptive/step4_descriptive_analytics_revised_v2/step4_distribution_split_by_target.png,0.1218,step_output,evidence
outputs/figures/step04_descriptive/step4_descriptive_analytics_revised_v2/step4_selected_correlation_matrix.png,0.2277,step_output,evidence
outputs/figures/step05_master_table/01_history_coverage_final.png,0.0637,step_output,evidence
outputs/figures/step05_master_table/02_feature_count_by_source.png,0.0487,step_output,evidence
outputs/figures/step05_master_table/03_final_missing_top30.png,0.1633,step_output,evidence
outputs/figures/step05_master_table/04_final_target_distribution.png,0.027,step_output,evidence
outputs/figures/step05_master_table/05_Step5_Master_Table_Aggregation_Figures/01_history_coverage_final.png,0.0637,step_output,evidence
outputs/figures/step05_master_table/05_Step5_Master_Table_Aggregation_Figures/02_feature_count_by_source.png,0.0487,step_output,evidence
outputs/figures/step05_master_table/05_Step5_Master_Table_Aggregation_Figures/03_final_missing_top30.png,0.1633,step_output,evidence
outputs/figures/step05_master_table/05_Step5_Master_Table_Aggregation_Figures/04_final_target_distribution.png,0.027,step_output,evidence
outputs/figures/step06_dashboard/01_target_distribution.png,0.0324,step_output,evidence
outputs/figures/step06_dashboard/02_default_rate_by_age_group.png,0.0413,step_output,evidence
outputs/figures/step06_dashboard/03_default_rate_by_education.png,0.0519,step_output,evidence
outputs/figures/step06_dashboard/04_default_rate_by_credit_income_ratio.png,0.041,step_output,evidence
outputs/figures/step06_dashboard/05_default_rate_by_annuity_income_ratio.png,0.0515,step_output,evidence
outputs/figures/step06_dashboard/06_default_rate_by_property_missingness.png,0.0433,step_output,evidence
outputs/figures/step06_dashboard/06_step6_charts/algorithm_comparison_pr_auc.png,0.0617,step_output,evidence
outputs/figures/step06_dashboard/06_step6_charts/algorithm_comparison_roc_auc.png,0.066,step_output,evidence
outputs/figures/step06_dashboard/06_step6_charts/calibration_plot_main_diagnostic_models.png,0.0938,step_output,evidence
outputs/figures/step06_dashboard/06_step6_charts/controlled_logistic_top_odds_ratios.png,0.3707,step_output,evidence
outputs/figures/step06_dashboard/06_step6_charts/default_rate_by_diagnostic_risk_signal_group.png,0.0596,step_output,evidence
outputs/figures/step06_dashboard/06_step6_charts/diagnostic_model_comparison_auc.png,0.0685,step_output,evidence
outputs/figures/step06_dashboard/06_step6_charts/diagnostic_model_comparison_pseudo_r2.png,0.0691,step_output,evidence
outputs/figures/step06_dashboard/06_step6_charts/heatmap_bureau_active_loan_group__x__previous_refusal_group.png,0.1308,step_output,evidence
outputs/figures/step06_dashboard/06_step6_charts/heatmap_bureau_debt_credit_group__x__previous_refusal_group.png,0.1428,step_output,evidence
outputs/figures/step06_dashboard/06_step6_charts/heatmap_credit_history_signal_score__x__payment_behavior_signal_score.png,0.106,step_output,evidence
outputs/figures/step06_dashboard/06_step6_charts/heatmap_credit_income_group__x__annuity_income_group.png,0.1105,step_output,evidence
outputs/figures/step06_dashboard/06_step6_charts/heatmap_credit_income_group__x__late_payment_group.png,0.1199,step_output,evidence
outputs/figures/step06_dashboard/06_step6_charts/heatmap_late_payment_group__x__underpayment_group.png,0.1237,step_output,evidence
outputs/figures/step06_dashboard/06_step6_charts/precision_recall_curve_main_diagnostic_models.png,0.0724,step_output,evidence
outputs/figures/step06_dashboard/06_step6_charts/roc_curve_main_diagnostic_models.png,0.1014,step_output,evidence
outputs/figures/step06_dashboard/06_step6_charts/specification_comparison_pseudo_r2.png,0.0691,step_output,evidence
outputs/figures/step06_dashboard/06_step6_charts/specification_comparison_roc_auc.png,0.0685,step_output,evidence
outputs/figures/step06_dashboard/06_step6_charts/threshold_analysis_main_logit.png,0.1003,step_output,evidence
outputs/figures/step06_dashboard/06_step6_charts/top_business_priority_segments.png,0.1582,step_output,evidence
outputs/figures/step06_dashboard/06_Step6_Dashboard_Insight_Figures/01_target_distribution.png,0.0324,step_output,evidence
outputs/figures/step06_dashboard/06_Step6_Dashboard_Insight_Figures/02_default_rate_by_age_group.png,0.0413,step_output,evidence
outputs/figures/step06_dashboard/06_Step6_Dashboard_Insight_Figures/03_default_rate_by_education.png,0.0519,step_output,evidence
outputs/figures/step06_dashboard/06_Step6_Dashboard_Insight_Figures/04_default_rate_by_credit_income_ratio.png,0.041,step_output,evidence
outputs/figures/step06_dashboard/06_Step6_Dashboard_Insight_Figures/05_default_rate_by_annuity_income_ratio.png,0.0515,step_output,evidence
outputs/figures/step06_dashboard/06_Step6_Dashboard_Insight_Figures/06_default_rate_by_property_missingness.png,0.0433,step_output,evidence
outputs/figures/step06_dashboard/06_Step6_Dashboard_Insight_Figures/07_default_rate_by_bureau_active_count.png,0.0397,step_output,evidence
outputs/figures/step06_dashboard/06_Step6_Dashboard_Insight_Figures/08_default_rate_by_previous_refusal_rate.png,0.05,step_output,evidence
outputs/figures/step06_dashboard/06_Step6_Dashboard_Insight_Figures/09_default_rate_by_late_payment_rate.png,0.0506,step_output,evidence
outputs/figures/step06_dashboard/06_Step6_Dashboard_Insight_Figures/10_default_rate_by_underpayment_rate.png,0.0496,step_output,evidence
outputs/figures/step06_dashboard/06_Step6_Dashboard_Insight_Figures/11_default_rate_by_credit_card_utilization.png,0.0543,step_output,evidence
outputs/figures/step06_dashboard/06_Step6_Dashboard_Insight_Figures/12_heatmap_credit_income_x_late_payment.png,0.0716,step_output,evidence
outputs/figures/step06_dashboard/06_Step6_Dashboard_Insight_Figures/13_heatmap_prev_refusal_x_late_payment.png,0.0737,step_output,evidence
outputs/figures/step06_dashboard/07_default_rate_by_bureau_active_count.png,0.0397,step_output,evidence
outputs/figures/step06_dashboard/08_default_rate_by_previous_refusal_rate.png,0.05,step_output,evidence
outputs/figures/step06_dashboard/09_default_rate_by_late_payment_rate.png,0.0506,step_output,evidence
outputs/figures/step06_dashboard/10_default_rate_by_underpayment_rate.png,0.0496,step_output,evidence
outputs/figures/step06_dashboard/11_default_rate_by_credit_card_utilization.png,0.0543,step_output,evidence
outputs/figures/step06_dashboard/12_heatmap_credit_income_x_late_payment.png,0.0716,step_output,evidence
outputs/figures/step06_dashboard/13_heatmap_prev_refusal_x_late_payment.png,0.0737,step_output,evidence
outputs/figures/step07_diagnostic/07_step6_model_charts/algorithm_comparison_pr_auc.png,0.0492,step_output,evidence
outputs/figures/step07_diagnostic/07_step6_model_charts/algorithm_comparison_roc_auc.png,0.0518,step_output,evidence
outputs/figures/step07_diagnostic/07_step6_model_charts/specification_comparison_pseudo_r2.png,0.069,step_output,evidence
outputs/figures/step07_diagnostic/07_step6_model_charts/specification_comparison_roc_auc.png,0.0666,step_output,evidence
outputs/figures/step08_ml/08_step8_figures/raw_benchmark_cell11_img01.png,0.0386,step_output,evidence
outputs/figures/step08_ml/08_step8_figures/raw_benchmark_cell13_img02.png,0.0316,step_output,evidence
outputs/figures/step08_ml/08_step8_figures/raw_benchmark_cell15_img03.png,0.0632,step_output,evidence
outputs/figures/step08_ml/08_step8_figures/raw_benchmark_cell15_img04.png,0.0583,step_output,evidence
outputs/figures/step08_ml/08_step8_figures/raw_benchmark_cell15_img05.png,0.0433,step_output,evidence
outputs/figures/step08_ml/08_step8_figures/raw_benchmark_cell15_img06.png,0.0293,step_output,evidence
outputs/figures/step08_ml/08_step8_figures/raw_benchmark_cell15_img07.png,0.1457,step_output,evidence
outputs/figures/step08_ml/08_step8_figures/raw_benchmark_cell15_img08.png,0.2025,step_output,evidence
outputs/figures/step08_ml/08_step8_figures/raw_benchmark_cell15_img09.png,0.1436,step_output,evidence
outputs/figures/step08_ml/08_step8_figures/v3_advanced_cell14_img01.png,0.0979,step_output,evidence
outputs/figures/step08_ml/08_step8_figures/v3_advanced_cell14_img02.png,0.0987,step_output,evidence
outputs/figures/step08_ml/08_step8_figures/v3_advanced_cell14_img03.png,0.0646,step_output,evidence
outputs/figures/step08_ml/08_step8_figures/v3_advanced_cell14_img04.png,0.1325,step_output,evidence
outputs/figures/step08_ml/08_step8_figures/v3_advanced_cell14_img05.png,0.2164,step_output,evidence
outputs/figures/step08_ml/08_step8_figures/v3_advanced_cell15_img06.png,0.0443,step_output,evidence
outputs/figures/step08_ml/08_step8_figures/v3_advanced_cell15_img07.png,0.0707,step_output,evidence
outputs/figures/step08_ml/08_step8_figures/v3_advanced_cell15_img08.png,0.031,step_output,evidence
outputs/figures/step08_ml/08_step8_figures/v3_advanced_cell15_img09.png,0.0518,step_output,evidence
outputs/figures/step08_ml/08_step8_figures/v3_advanced_cell15_img10.png,0.0383,step_output,evidence
outputs/final/champion_validation_metrics.csv,0.0005,canonical_evidence,final
outputs/final/cross_validation_metrics.csv,0.001,canonical_evidence,final
outputs/final/dashboard_rule_segments.csv,0.0007,canonical_evidence,final
outputs/final/data_split_report.csv,0.0001,canonical_evidence,final
outputs/final/decision_bands.csv,0.0005,canonical_evidence,final
outputs/final/diagnostic_model_metrics.csv,0.0004,canonical_evidence,final
outputs/final/diagnostic_odds_ratios.csv,0.0079,canonical_evidence,final
outputs/final/fairness_feature_gaps_original.csv,0.0004,canonical_evidence,final
outputs/final/fairness_summary.csv,0.0002,canonical_evidence,final
outputs/final/feature_inventory.csv,0.0002,canonical_evidence,final
outputs/final/final_outputs_manifest.csv,0.001,canonical_evidence,final
outputs/final/model_comparison.csv,0.0016,canonical_evidence,final
outputs/final/portfolio_baseline.csv,0.0003,canonical_evidence,final
outputs/final/psi_feature_summary.csv,0.0012,canonical_evidence,final
outputs/final/psi_summary.csv,0.0001,canonical_evidence,final
outputs/final/sensitivity_performance.csv,0.0001,canonical_evidence,final
outputs/final/shap_importance.csv,0.0013,canonical_evidence,final
outputs/step04_descriptive_run/tables/descriptive_all_numeric_features.csv,0.0421,step_output,evidence
outputs/step04_descriptive_run/tables/portfolio_baseline_default_rate.csv,0.0001,step_output,evidence
outputs/step04_descriptive_run/tables/quantile_default_rates.csv,0.0024,step_output,evidence
outputs/step04_descriptive_run/tables/selected_spearman_correlation.csv,0.0026,step_output,evidence
outputs/tables/step03_cleaning/00_summary_key_numbers.csv,0.0005,step_output,evidence
outputs/tables/step03_cleaning/01_key_integrity.csv,0.0002,step_output,evidence
outputs/tables/step03_cleaning/01_key_quality_profile.csv,0.0009,step_output,evidence
outputs/tables/step03_cleaning/02_missing_values_all_columns.csv,0.0226,step_output,evidence
outputs/tables/step03_cleaning/02_missing_vs_target.csv,0.0039,step_output,evidence
outputs/tables/step03_cleaning/03_missing_by_source_group.csv,0.0004,step_output,evidence
outputs/tables/step03_cleaning/03_missing_summary_by_table.csv,0.0006,step_output,evidence
outputs/tables/step03_cleaning/04_special_values.csv,0.0007,step_output,evidence
outputs/tables/step03_cleaning/04_top30_missing_columns_overall.csv,0.0024,step_output,evidence
outputs/tables/step03_cleaning/05_application_missingness_vs_target.csv,0.0038,step_output,evidence
outputs/tables/step03_cleaning/05_outlier_profile.csv,0.0013,step_output,evidence
outputs/tables/step03_cleaning/06_application_special_values.csv,0.0006,step_output,evidence
outputs/tables/step03_cleaning/06_psi_drift.csv,0.0011,step_output,evidence
outputs/tables/step03_cleaning/07_plausibility_checks.csv,0.0015,step_output,evidence
outputs/tables/step03_cleaning/07_special_values_vs_target.csv,0.0004,step_output,evidence
outputs/tables/step03_cleaning/08_time_like_variable_quality.csv,0.002,step_output,evidence
outputs/tables/step03_cleaning/09_plausibility_checks.csv,0.0043,step_output,evidence
outputs/tables/step03_cleaning/10_application_core_outlier_profile.csv,0.0015,step_output,evidence
outputs/tables/step03_cleaning/11_train_test_drift_psi.csv,0.0023,step_output,evidence
outputs/tables/step03_cleaning/12_cleaning_rules.csv,0.0042,step_output,evidence
outputs/tables/step03_cleaning/13_clean_application_base_preview.csv,0.0026,step_output,evidence
outputs/tables/step03_cleaning/14_cleaning_impact_summary.csv,0.0007,step_output,evidence
outputs/tables/step03_cleaning/step3_deep_outputs/00_summary_key_numbers.csv,0.0005,step_output,evidence
outputs/tables/step03_cleaning/step3_deep_outputs/01_key_integrity.csv,0.0002,step_output,evidence
outputs/tables/step03_cleaning/step3_deep_outputs/02_missing_vs_target.csv,0.0039,step_output,evidence
outputs/tables/step03_cleaning/step3_deep_outputs/03_missing_by_source_group.csv,0.0004,step_output,evidence
outputs/tables/step03_cleaning/step3_deep_outputs/04_special_values.csv,0.0007,step_output,evidence
outputs/tables/step03_cleaning/step3_deep_outputs/05_outlier_profile.csv,0.0013,step_output,evidence
outputs/tables/step03_cleaning/step3_deep_outputs/06_psi_drift.csv,0.0011,step_output,evidence
outputs/tables/step03_cleaning/step3_deep_outputs/07_plausibility_checks.csv,0.0015,step_output,evidence
outputs/tables/step03_cleaning/STEP3_HOUSING_MISSING_COUNT_DISTRIBUTION.csv,0.002,step_output,evidence
outputs/tables/step03_cleaning/STEP3_HOUSING_MISSING_COUNT_FLAG_DEFINITION.csv,0.002,step_output,evidence
outputs/tables/step03_cleaning/STEP3_HOUSING_MISSING_FLAG_SUMMARY.csv,0.0004,step_output,evidence
outputs/tables/step03_cleaning/tables/01_key_quality_profile.csv,0.0009,step_output,evidence
outputs/tables/step03_cleaning/tables/02_missing_values_all_columns.csv,0.0226,step_output,evidence
outputs/tables/step03_cleaning/tables/03_missing_summary_by_table.csv,0.0006,step_output,evidence
outputs/tables/step03_cleaning/tables/04_top30_missing_columns_overall.csv,0.0024,step_output,evidence
outputs/tables/step03_cleaning/tables/05_application_missingness_vs_target.csv,0.0038,step_output,evidence
outputs/tables/step03_cleaning/tables/06_application_special_values.csv,0.0006,step_output,evidence
outputs/tables/step03_cleaning/tables/07_special_values_vs_target.csv,0.0004,step_output,evidence
outputs/tables/step03_cleaning/tables/08_time_like_variable_quality.csv,0.002,step_output,evidence
outputs/tables/step03_cleaning/tables/09_plausibility_checks.csv,0.0043,step_output,evidence
outputs/tables/step03_cleaning/tables/10_application_core_outlier_profile.csv,0.0015,step_output,evidence
outputs/tables/step03_cleaning/tables/11_train_test_drift_psi.csv,0.0023,step_output,evidence
outputs/tables/step03_cleaning/tables/12_cleaning_rules.csv,0.0042,step_output,evidence
outputs/tables/step03_cleaning/tables/13_clean_application_base_preview.csv,0.0026,step_output,evidence
outputs/tables/step03_cleaning/tables/14_cleaning_impact_summary.csv,0.0007,step_output,evidence
outputs/tables/step04_descriptive/01_feature_count.csv,0.0002,step_output,evidence
outputs/tables/step04_descriptive/02_engineered_power.csv,0.0004,step_output,evidence
outputs/tables/step04_descriptive/03_history_flags.csv,0.0003,step_output,evidence
outputs/tables/step04_descriptive/04_descriptive_main_variables_code_output.csv,0.0037,step_output,evidence
outputs/tables/step04_descriptive/04_grain_validation.csv,0.0001,step_output,evidence
outputs/tables/step04_descriptive/04_Step4_Descriptive_Analytics_FULL_TABLES/README_manifest_step04_descriptive_tables.csv,0.0006,step_output,evidence
outputs/tables/step04_descriptive/04_Step4_Descriptive_Analytics_FULL_TABLES/Step04_final_documentation_FULL_numeric_descriptive_252_features.csv,0.064,step_output,evidence
outputs/tables/step04_descriptive/04_Step4_Descriptive_Analytics_FULL_TABLES/Step04_FULL_descriptive_all_numeric_features_209_features.csv,0.0461,step_output,evidence
outputs/tables/step04_descriptive/04_Step4_Descriptive_Analytics_FULL_TABLES/Step04_FULL_descriptive_all_numeric_features_209_features_WITH_QUARTILES_NORMALIZED.csv,0.0479,step_output,evidence
outputs/tables/step04_descriptive/04_Step4_Descriptive_Analytics_FULL_TABLES/Step04_RECOMMENDED_consolidated_descriptive_209_features_with_excel_stats.csv,0.0749,step_output,evidence
outputs/tables/step04_descriptive/04_Step4_Descriptive_Analytics_FULL_TABLES/Step04_SELECTED_descriptive_statistics_for_PPT_slides_15_18_12_features.csv,0.0039,step_output,evidence
outputs/tables/step04_descriptive/04_Step4_Descriptive_Analytics_FULL_TABLES/Step04_SELECTED_descriptive_statistics_for_PPT_slides_15_18_WITH_QUARTILES_NORMALIZED.csv,0.0047,step_output,evidence
outputs/tables/step04_descriptive/04_Step4_Descriptive_Deep_Analysis_Outputs/01_feature_count.csv,0.0002,step_output,evidence
outputs/tables/step04_descriptive/04_Step4_Descriptive_Deep_Analysis_Outputs/02_engineered_power.csv,0.0004,step_output,evidence
outputs/tables/step04_descriptive/04_Step4_Descriptive_Deep_Analysis_Outputs/03_history_flags.csv,0.0003,step_output,evidence
outputs/tables/step04_descriptive/04_Step4_Descriptive_Deep_Analysis_Outputs/04_grain_validation.csv,0.0001,step_output,evidence
outputs/tables/step04_descriptive/04_Step4_Descriptive_Deep_Analysis_Outputs/05_composite_signal.csv,0.0001,step_output,evidence
outputs/tables/step04_descriptive/04_Step4_Descriptive_PPT_Source_Stats_Slides15_18/04_descriptive_main_variables_code_output.csv,0.0037,step_output,evidence
outputs/tables/step04_descriptive/04_Step4_Descriptive_PPT_Source_Stats_Slides15_18/step4_selected_descriptive_statistics_PPT_SLIDES_15_18.csv,0.0039,step_output,evidence
outputs/tables/step04_descriptive/05_composite_signal.csv,0.0001,step_output,evidence
outputs/tables/step04_descriptive/05_descriptive_all_numeric_features.csv,0.0461,step_output,evidence
outputs/tables/step04_descriptive/05b_descriptive_binary_flags.csv,0.0022,step_output,evidence
outputs/tables/step04_descriptive/05c_descriptive_categorical.csv,0.002,step_output,evidence
outputs/tables/step04_descriptive/06_correlation_with_target.csv,0.0254,step_output,evidence
outputs/tables/step04_descriptive/07_correlation_matrix_selected.csv,0.0058,step_output,evidence
outputs/tables/step04_descriptive/08_multicollinearity_pairs.csv,0.0062,step_output,evidence
outputs/tables/step04_descriptive/09_categorical_association_target.csv,0.0011,step_output,evidence
outputs/tables/step04_descriptive/10_default_rate_by_category.csv,0.0075,step_output,evidence
outputs/tables/step04_descriptive/FEATURE_FLOW_DETAILED_122_TO_271.csv,0.002,step_output,evidence
outputs/tables/step04_descriptive/legacy_versions/Step04_clean_pipeline_FULL_numeric_excel_stats_169_features.csv,0.0334,legacy_reference,archive
outputs/tables/step04_descriptive/legacy_versions/Step04_clean_pipeline_FULL_numeric_excel_stats_169_features__typed2.csv,0.0334,legacy_reference,archive
outputs/tables/step04_descriptive/README_manifest_step04_descriptive_tables.csv,0.0006,step_output,evidence
outputs/tables/step04_descriptive/Step04_final_documentation_FULL_numeric_descriptive_252_features.csv,0.064,step_output,evidence
outputs/tables/step04_descriptive/Step04_FULL_descriptive_all_numeric_features_209_features.csv,0.0461,step_output,evidence
outputs/tables/step04_descriptive/Step04_FULL_descriptive_all_numeric_features_209_features_WITH_QUARTILES_NORMALIZED.csv,0.0479,step_output,evidence
outputs/tables/step04_descriptive/Step04_FULL_MASTER_271_COLUMNS_DESCRIPTIVE_STATS_ONE_FILE.csv,0.1269,step_output,evidence
outputs/tables/step04_descriptive/Step04_RECOMMENDED_consolidated_descriptive_209_features_with_excel_stats.csv,0.0749,step_output,evidence
outputs/tables/step04_descriptive/Step04_SELECTED_descriptive_statistics_for_PPT_slides_15_18_12_features.csv,0.0039,step_output,evidence
outputs/tables/step04_descriptive/Step04_SELECTED_descriptive_statistics_for_PPT_slides_15_18_WITH_QUARTILES_NORMALIZED.csv,0.0047,step_output,evidence
outputs/tables/step04_descriptive/STEP4_FULL_271_FEATURE_DICTIONARY_WITH_MEANINGS.csv,0.1079,step_output,evidence
outputs/tables/step04_descriptive/STEP4_FULL_271_FEATURE_DICTIONARY_WITH_MEANINGS.xlsx,0.028,step_output,evidence
outputs/tables/step04_descriptive/step4_selected_descriptive_statistics_PPT_SLIDES_15_18.csv,0.0039,step_output,evidence
outputs/tables/step04_descriptive/tables/05_descriptive_all_numeric_features.csv,0.0461,step_output,evidence
outputs/tables/step04_descriptive/tables/05b_descriptive_binary_flags.csv,0.0022,step_output,evidence
outputs/tables/step04_descriptive/tables/05c_descriptive_categorical.csv,0.002,step_output,evidence
outputs/tables/step04_descriptive/tables/06_correlation_with_target.csv,0.0254,step_output,evidence
outputs/tables/step04_descriptive/tables/07_correlation_matrix_selected.csv,0.0058,step_output,evidence
outputs/tables/step04_descriptive/tables/08_multicollinearity_pairs.csv,0.0062,step_output,evidence
outputs/tables/step04_descriptive/tables/09_categorical_association_target.csv,0.0011,step_output,evidence
outputs/tables/step04_descriptive/tables/10_default_rate_by_category.csv,0.0075,step_output,evidence
outputs/tables/step05_master_table/01_final_table_validation.csv,0.0003,step_output,evidence
outputs/tables/step05_master_table/02_aggregation_log.csv,0.0009,step_output,evidence
outputs/tables/step05_master_table/03_merge_log.csv,0.0006,step_output,evidence
outputs/tables/step05_master_table/04_feature_source_summary.csv,0.002,step_output,evidence
outputs/tables/step05_master_table/05_history_coverage_final.csv,0.0003,step_output,evidence
outputs/tables/step05_master_table/06_final_missing_top50.csv,0.0022,step_output,evidence
outputs/tables/step05_master_table/07_final_table_sample.csv,0.0716,step_output,evidence
outputs/tables/step05_master_table/08_output_dataset_paths.csv,0.0003,step_output,evidence
outputs/tables/step07_diagnostic/algorithm_comparison_research_table.csv,0.0104,step_output,evidence
outputs/tables/step07_diagnostic/calibration_by_decile.csv,0.0372,step_output,evidence
outputs/tables/step07_diagnostic/calibration_error_summary.csv,0.0021,step_output,evidence
outputs/tables/step07_diagnostic/categorical_statistical_tests.csv,0.0017,step_output,evidence
outputs/tables/step07_diagnostic/controlled_logistic_model_info.csv,0.0037,step_output,evidence
outputs/tables/step07_diagnostic/controlled_logistic_odds_ratios.csv,0.0409,step_output,evidence
outputs/tables/step07_diagnostic/diagnostic_binary_model_family_comparison.csv,0.0104,step_output,evidence
outputs/tables/step07_diagnostic/diagnostic_dashboard_variable_mapping/diagnostic_28_columns_dashboard_mapping.csv,0.0047,step_output,evidence
outputs/tables/step07_diagnostic/diagnostic_model_comparison.csv,0.0173,step_output,evidence
outputs/tables/step07_diagnostic/full_model_evaluation_summary.csv,0.0173,step_output,evidence
outputs/tables/step07_diagnostic/high_vif_features.csv,0.0019,step_output,evidence
outputs/tables/step07_diagnostic/hosmer_lemeshow_decile_table.csv,0.0504,step_output,evidence
outputs/tables/step07_diagnostic/hosmer_lemeshow_test.csv,0.0036,step_output,evidence
outputs/tables/step07_diagnostic/interaction_customer_count_bureau_active_loan_group__x__previous_refusal_group.csv,0.0003,step_output,evidence
outputs/tables/step07_diagnostic/interaction_customer_count_bureau_debt_credit_group__x__previous_refusal_group.csv,0.0003,step_output,evidence
outputs/tables/step07_diagnostic/interaction_customer_count_credit_history_signal_score__x__payment_behavior_signal_score.csv,0.0002,step_output,evidence
outputs/tables/step07_diagnostic/interaction_customer_count_credit_income_group__x__annuity_income_group.csv,0.0003,step_output,evidence
outputs/tables/step07_diagnostic/interaction_customer_count_credit_income_group__x__late_payment_group.csv,0.0003,step_output,evidence
outputs/tables/step07_diagnostic/interaction_customer_count_late_payment_group__x__underpayment_group.csv,0.0003,step_output,evidence
outputs/tables/step07_diagnostic/interaction_default_rate_bureau_active_loan_group__x__previous_refusal_group.csv,0.0006,step_output,evidence
outputs/tables/step07_diagnostic/interaction_default_rate_bureau_debt_credit_group__x__previous_refusal_group.csv,0.0007,step_output,evidence
outputs/tables/step07_diagnostic/interaction_default_rate_credit_history_signal_score__x__payment_behavior_signal_score.csv,0.0006,step_output,evidence
outputs/tables/step07_diagnostic/interaction_default_rate_credit_income_group__x__annuity_income_group.csv,0.0005,step_output,evidence
outputs/tables/step07_diagnostic/interaction_default_rate_credit_income_group__x__late_payment_group.csv,0.0006,step_output,evidence
outputs/tables/step07_diagnostic/interaction_default_rate_late_payment_group__x__underpayment_group.csv,0.0005,step_output,evidence
outputs/tables/step07_diagnostic/model_applicability_matrix.csv,0.0047,step_output,evidence
outputs/tables/step07_diagnostic/model_tables/algorithm_comparison_research_table.csv,0.0053,step_output,evidence
outputs/tables/step07_diagnostic/model_tables/research_logistic_coefficients.csv,0.0401,step_output,evidence
outputs/tables/step07_diagnostic/model_tables/research_logistic_model_fit.csv,0.0037,step_output,evidence
outputs/tables/step07_diagnostic/model_tables/specification_comparison_research_table.csv,0.0043,step_output,evidence
outputs/tables/step07_diagnostic/model_tables/step6b_model_comparison_research_tables.xlsx,0.0298,step_output,evidence
outputs/tables/step07_diagnostic/numeric_statistical_tests.csv,0.004,step_output,evidence
outputs/tables/step07_diagnostic/precision_recall_curve_points.csv,77.5722,step_output,evidence
outputs/tables/step07_diagnostic/research_logistic_coefficients.csv,0.0409,step_output,evidence
outputs/tables/step07_diagnostic/research_logistic_model_fit.csv,0.0037,step_output,evidence
outputs/tables/step07_diagnostic/research_marginal_effects.csv,0.0325,step_output,evidence
outputs/tables/step07_diagnostic/research_wald_tests.csv,0.0043,step_output,evidence
outputs/tables/step07_diagnostic/roc_curve_points.csv,20.3767,step_output,evidence
outputs/tables/step07_diagnostic/segment_risk_index_all_variables.csv,0.0149,step_output,evidence
outputs/tables/step07_diagnostic/specification_comparison_research_table.csv,0.0078,step_output,evidence
outputs/tables/step07_diagnostic/step6_diagnostic_summary_tables.xlsx,0.2149,step_output,evidence
outputs/tables/step07_diagnostic/terminal_model_evaluation_table.csv,0.0045,step_output,evidence
outputs/tables/step07_diagnostic/threshold_analysis_all_models.csv,0.0682,step_output,evidence
outputs/tables/step07_diagnostic/threshold_analysis_main_logit.csv,0.0139,step_output,evidence
outputs/tables/step07_diagnostic/top_30_business_priority_segments.csv,0.0052,step_output,evidence
outputs/tables/step07_diagnostic/top_30_highest_risk_index_segments.csv,0.0051,step_output,evidence
outputs/tables/step07_diagnostic/vif_diagnostic_features.csv,0.0083,step_output,evidence
outputs/tables/step08_ml/01_diagnostic_feature_catalog.csv,0.0017,step_output,evidence
outputs/tables/step08_ml/02_missing_handling_report.csv,0.0032,step_output,evidence
outputs/tables/step08_ml/03_vif_multicollinearity_report.csv,0.0009,step_output,evidence
outputs/tables/step08_ml/04_bivariate_categorical_association.csv,0.0088,step_output,evidence
outputs/tables/step08_ml/05_numeric_association.csv,0.0028,step_output,evidence
outputs/tables/step08_ml/06_hierarchical_logit_model_comparison.csv,0.0016,step_output,evidence
outputs/tables/step08_ml/07_best_logit_odds_ratio_table.csv,0.0144,step_output,evidence
outputs/tables/step08_ml/08_risk_segment_standalone_test.csv,0.0003,step_output,evidence
outputs/tables/step08_ml/09_bb_feature_sensitivity_model_comparison.csv,0.0007,step_output,evidence
outputs/tables/step08_ml/11_core_logit_design_matrix_rank_report.csv,0.0001,step_output,evidence
outputs/tables/step08_ml/12_core_interpretable_logit_model_metrics.csv,0.0004,step_output,evidence
outputs/tables/step08_ml/13_core_interpretable_logit_odds_ratio_with_ci_pvalue.csv,0.0079,step_output,evidence
outputs/tables/step08_ml/14_core_logit_design_decisions.csv,0.0007,step_output,evidence
outputs/tables/step08_ml/16_full_271_feature_inventory.csv,0.0002,step_output,evidence
outputs/tables/step08_ml/17_full_271_univariate_numeric_screening.csv,0.0444,step_output,evidence
outputs/tables/step08_ml/18_full_271_univariate_categorical_screening.csv,0.0123,step_output,evidence
outputs/tables/step08_ml/19_full_271_regularized_logit_metrics.csv,0.0006,step_output,evidence
outputs/tables/step08_ml/20_full_271_regularized_logit_top_coefficients.csv,0.0138,step_output,evidence
outputs/tables/step08_ml/22_ext_source_robustness_model_metrics.csv,0.0007,step_output,evidence
outputs/tables/step08_ml/23_ext_source_robustness_odds_ratio_with_ci_pvalue.csv,0.0124,step_output,evidence
outputs/tables/step08_ml/24_ext_source_key_driver_odds_comparison.csv,0.0017,step_output,evidence
outputs/tables/step08_ml/extracted_tables/raw_benchmark_cell03_out02_table01.csv,0.0007,step_output,evidence
outputs/tables/step08_ml/extracted_tables/raw_benchmark_cell03_out03_table01.csv,0.0001,step_output,evidence
outputs/tables/step08_ml/extracted_tables/raw_benchmark_cell06_out02_table01.csv,0.0001,step_output,evidence
outputs/tables/step08_ml/extracted_tables/raw_benchmark_cell11_out04_table01.csv,0.0041,step_output,evidence
outputs/tables/step08_ml/extracted_tables/raw_benchmark_cell13_out01_table01.csv,0.0006,step_output,evidence
outputs/tables/step08_ml/extracted_tables/raw_benchmark_cell14_out01_table01.csv,0.0018,step_output,evidence
outputs/tables/step08_ml/extracted_tables/raw_benchmark_cell14_out02_table01.csv,0.0009,step_output,evidence
outputs/tables/step08_ml/extracted_tables/raw_benchmark_cell15_out01_table01.csv,0.0038,step_output,evidence
outputs/tables/step08_ml/extracted_tables/raw_benchmark_cell15_out05_table01.csv,0.0009,step_output,evidence
outputs/tables/step08_ml/extracted_tables/raw_benchmark_cell15_out09_table01.csv,0.0001,step_output,evidence
outputs/tables/step08_ml/extracted_tables/raw_benchmark_cell16_out02_table01.csv,0.0018,step_output,evidence
outputs/tables/step08_ml/extracted_tables/raw_benchmark_cell16_out07_table01.csv,0.0001,step_output,evidence
outputs/tables/step08_ml/extracted_tables/raw_benchmark_cell16_out08_table01.csv,0.0013,step_output,evidence
outputs/tables/step08_ml/extracted_tables/raw_benchmark_cell17_out01_table01.csv,0.0006,step_output,evidence
outputs/tables/step08_ml/extracted_tables/raw_benchmark_cell17_out02_table01.csv,0.0038,step_output,evidence
outputs/tables/step08_ml/extracted_tables/tables_manifest.csv,0.0063,step_output,evidence
outputs/tables/step08_ml/extracted_tables/v3_advanced_cell03_out02_table01.csv,0.0007,step_output,evidence
outputs/tables/step08_ml/extracted_tables/v3_advanced_cell03_out03_table01.csv,0.0001,step_output,evidence
outputs/tables/step08_ml/extracted_tables/v3_advanced_cell06_out02_table01.csv,0.0001,step_output,evidence
outputs/tables/step08_ml/extracted_tables/v3_advanced_cell09_out04_table01.csv,0.001,step_output,evidence
outputs/tables/step08_ml/extracted_tables/v3_advanced_cell10_out02_table01.csv,0.0001,step_output,evidence
outputs/tables/step08_ml/extracted_tables/v3_advanced_cell10_out04_table01.csv,0.0008,step_output,evidence
outputs/tables/step08_ml/extracted_tables/v3_advanced_cell11_out12_table01.csv,0.0002,step_output,evidence
outputs/tables/step08_ml/extracted_tables/v3_advanced_cell11_out13_table01.csv,0.0001,step_output,evidence
outputs/tables/step08_ml/extracted_tables/v3_advanced_cell11_out14_table01.csv,0.001,step_output,evidence
outputs/tables/step08_ml/extracted_tables/v3_advanced_cell12_out01_table01.csv,0.0002,step_output,evidence
outputs/tables/step08_ml/extracted_tables/v3_advanced_cell13_out01_table01.csv,0.0001,step_output,evidence
outputs/tables/step08_ml/extracted_tables/v3_advanced_cell13_out02_table01.csv,0.0012,step_output,evidence
outputs/tables/step08_ml/extracted_tables/v3_advanced_cell14_out01_table01.csv,0.0005,step_output,evidence
outputs/tables/step08_ml/extracted_tables/v3_advanced_cell15_out02_table01.csv,0.004,step_output,evidence
outputs/tables/step08_ml/extracted_tables/v3_advanced_cell15_out03_table01.csv,0.0004,step_output,evidence
outputs/tables/step08_ml/extracted_tables/v3_advanced_cell16_out01_table01.csv,0.0016,step_output,evidence
outputs/tables/step08_ml/extracted_tables/v3_advanced_cell16_out06_table01.csv,0.0016,step_output,evidence
outputs/tables/step08_ml/extracted_tables/v3_advanced_cell16_out09_table01.csv,0.0013,step_output,evidence
outputs/tables/step08_ml/extracted_tables/v3_advanced_cell16_out12_table01.csv,0.0005,step_output,evidence
outputs/tables/step08_ml/extracted_tables/v3_advanced_cell16_out14_table01.csv,0.0001,step_output,evidence
outputs/tables/step08_ml/from_kaggle_notebooks/extracted_images_manifest.csv,0.0018,step_output,evidence
README.md,0.0076,project_file,support
reports/credit_risk_code_by_subsection.docx,4.6118,project_file,support
reports/credit_risk_final_presentation.pptx,4.197,project_file,support
reports/credit_risk_full_report.pdf,5.5319,project_file,support
reports/portfolio_credit_risk_analytics_ml_scoring.pdf,2.6309,project_file,support
reports/portfolio_credit_risk_analytics_ml_scoring_detailed.pdf,0.5388,project_file,support
reports/portfolio_credit_risk_analytics_ml_scoring_detailed_v2.pdf,0.7872,project_file,support
reports/portfolio_credit_risk_analytics_ml_scoring_detailed_v5.pdf,2.6263,project_file,support
reports/portfolio_credit_risk_analytics_ml_scoring_detailed_v6.pdf,2.6262,project_file,support
reports/portfolio_credit_risk_analytics_ml_scoring_detailed_v7.pdf,2.631,project_file,support
requirements-lock.txt,0.0002,code,source
requirements.txt,0.0002,code,source
run_pipeline.py,0.0039,code,source
site/.devserver.err.log,0.0019,portfolio_site,final
site/.devserver.log,0.002,portfolio_site,final
site/.gitignore,0.0005,portfolio_site,final
site/.openai/hosting.json,0.0,portfolio_site,final
site/.wrangler/deploy/config.json,0.0001,portfolio_site,final
site/.wrangler/registry/__asset-worker__,0.0001,portfolio_site,final
site/.wrangler/registry/__router-worker__,0.0002,portfolio_site,final
site/.wrangler/registry/__vite_proxy_worker__,0.0002,portfolio_site,final
site/.wrangler/registry/credit-risk-analytics-portfolio,0.0002,portfolio_site,final
site/.wrangler/state/v3/cache/miniflare-CacheObject/metadata.sqlite,0.0039,portfolio_site,final
site/.wrangler/state/v3/cache/miniflare-CacheObject/metadata.sqlite-shm,0.0312,portfolio_site,final
site/.wrangler/state/v3/cache/miniflare-CacheObject/metadata.sqlite-wal,0.0079,portfolio_site,final
site/app/DashboardGallery.tsx,0.0046,portfolio_site,final
site/app/globals.css,0.0143,portfolio_site,final
site/app/layout.tsx,0.0008,portfolio_site,final
site/app/page.tsx,0.0122,portfolio_site,final
site/build/sites-vite-plugin.ts,0.0012,portfolio_site,final
site/dev-server.err.log,0.005,portfolio_site,final
site/dev-server.log,0.0012,portfolio_site,final
site/eslint.config.mjs,0.0005,portfolio_site,final
site/next.config.ts,0.0001,portfolio_site,final
site/package-lock.json,0.3391,portfolio_site,final
site/package.json,0.001,portfolio_site,final
site/postcss.config.mjs,0.0001,portfolio_site,final
site/public/credit-risk-power-bi-dashboard.pdf,1.1699,portfolio_site,final
site/public/dashboard/dashboard_page_01.png,0.3408,portfolio_site,final
site/public/dashboard/dashboard_page_02.png,0.3267,portfolio_site,final
site/public/dashboard/dashboard_page_03.png,0.3734,portfolio_site,final
site/public/dashboard/dashboard_page_04.png,0.4122,portfolio_site,final
site/public/dashboard/dashboard_page_05.png,0.3989,portfolio_site,final
site/public/dashboard/dashboard_page_06.png,0.4147,portfolio_site,final
site/public/favicon.svg,0.0007,portfolio_site,final
site/public/file.svg,0.0004,portfolio_site,final
site/public/globe.svg,0.001,portfolio_site,final
site/public/window.svg,0.0004,portfolio_site,final
site/README.md,0.0005,portfolio_site,final
site/tests/rendered-html.test.mjs,0.001,portfolio_site,final
site/tsconfig.json,0.0007,portfolio_site,final
site/vite.config.ts,0.0017,portfolio_site,final
site/worker/index.ts,0.0017,portfolio_site,final
sql/01_create_base_application.sql,0.0003,code,source
sql/02_cleaning_missing_flags.sql,0.0045,code,source
sql/03_feature_engineering_application.sql,0.0013,code,source
sql/04_aggregate_bureau_and_bureau_balance.sql,0.0033,code,source
sql/05_aggregate_previous_pos_installments_credit_card.sql,0.0084,code,source
sql/06_build_customer_master_table.sql,0.0022,code,source
sql/07_descriptive_statistics_and_segments.sql,0.0027,code,source
src/step02_data_understanding.py,0.0049,code,source
src/step03_cleaning_feature_flags.py,0.0526,code,source
src/step03_deep_analysis.py,0.0194,code,source
src/step04_descriptive_correlation_full_original.py,0.0258,code,source
src/step04_descriptive_from_processed.py,0.0037,code,source
src/step05_build_master_table.py,0.0376,code,source
src/step07_diagnostic_analytics.py,0.1613,code,source
src/step08_train_champion_v3.py,0.0223,code,source
tests/test_repository_contract.py,0.0106,code,source
tools/create_portfolio_pdf.py,0.0473,project_file,support
